City_ID,City,Lat,Lng,Max Temp,Humidity,Cloudiness,Wind Speed,Country,Date
0,illizi,26.4833,8.4667,18.41,23,70,4.25,DZ,1681787510
1,smolyaninovo,43.2956,132.4675,8.7,75,100,8.79,RU,1681787510
2,papatowai,-46.5619,169.4708,12.75,86,100,6.76,NZ,1681787510
3,margaret river,-33.95,115.0667,18.39,48,9,8.25,AU,1681787510
4,mejit,10.2753,170.8646,26.65,78,96,18.01,MH,1681787510
5,constantia,44.1833,28.65,6.5,87,37,9.24,RO,1681787452
6,greymouth,-42.4667,171.2,13.38,97,100,8.46,NZ,1681787511
7,bethel,41.3712,-73.414,14.94,66,100,0.0,US,1681787511
8,anadyr,64.75,177.4833,-4.72,79,75,4.47,RU,1681787511
9,grytviken,-54.2811,-36.5092,2.8,90,100,6.46,GS,1681787511
10,college,64.8569,-147.8028,-0.01,65,100,5.75,US,1681787511
11,port-aux-francais,-49.35,70.2167,6.49,89,98,25.79,TF,1681787511
12,meppel,52.6958,6.1944,6.73,64,11,1.01,NL,1681787512
13,waitangi,-43.9535,-176.5597,16.01,80,100,4.0,NZ,1681787512
14,yeppoon,-23.1333,150.7333,27.88,61,65,18.21,AU,1681787512
15,laojunmiao,39.8333,97.7333,21.31,9,4,6.35,CN,1681787512
16,hithadhoo,-0.6,73.0833,28.54,67,9,4.59,MV,1681787512
17,kodiak,57.79,-152.4072,0.73,34,100,17.27,US,1681787512
18,hermanus,-34.4187,19.2345,15.32,67,3,3.15,ZA,1681787513
19,foso,5.7012,-1.2866,24.28,92,73,1.83,GH,1681787513
20,fort irwin,35.2627,-116.6848,18.9,20,0,20.71,US,1681787513
21,labuan,5.2767,115.2417,27.84,74,100,4.16,MY,1681787513
22,wailua homesteads,22.0669,-159.378,25.24,83,75,8.05,US,1681787513
23,adamstown,-25.066,-130.1015,25.32,74,22,13.76,PN,1681787513
24,bilibino,68.0546,166.4372,-4.48,80,100,3.71,RU,1681787514
25,port blair,11.6667,92.75,30.7,65,33,3.96,IN,1681787514
26,selfoss,63.9331,-20.9971,7.73,92,52,16.6,IS,1681787514
27,cabo san lucas,22.8909,-109.9124,23.12,64,5,3.0,MX,1681787498
28,invercargill,-46.4,168.35,15.1,72,73,9.37,NZ,1681787515
29,keflavik,64.0049,-22.5624,8.24,93,75,25.32,IS,1681787515
30,tiksi,71.6872,128.8694,-12.22,91,100,7.47,RU,1681787515
31,hun,29.1268,15.9477,14.48,57,50,4.05,LY,1681787515
32,puerto natales,-51.7236,-72.4875,7.29,83,100,12.64,CL,1681787515
33,ta`u,-14.2336,-169.5144,25.7,86,100,15.26,AS,1681787515
34,fort st. john,56.2499,-120.8529,3.12,48,99,12.35,CA,1681787515
35,hadibu,12.65,54.0333,26.77,73,5,4.43,YE,1681787515
36,paungde,18.4833,95.5,34.37,39,0,6.98,MM,1681787516
37,crane,31.3974,-102.3501,19.41,63,97,29.44,US,1681787516
38,necochea,-38.5473,-58.7368,10.95,91,70,4.56,AR,1681787516
39,arraial do cabo,-22.9661,-42.0278,24.25,88,45,12.82,BR,1681787516
40,tralee,52.2704,-9.7026,6.92,95,5,7.14,IE,1681787516
41,raghunathpur,23.55,86.6667,37.92,13,10,4.34,IN,1681787517
42,viru,-8.4167,-78.75,25.16,80,100,3.51,PE,1681787517
43,albany,42.6001,-73.9662,9.46,91,65,3.4,US,1681787517
44,jamestown,42.097,-79.2353,2.23,88,100,11.01,US,1681787483
45,shizilu,35.1711,118.8289,25.38,43,98,10.49,CN,1681787517
46,lihue,21.9789,-159.3672,25.58,79,75,8.05,US,1681787517
47,utrik,11.2278,169.8474,26.54,78,99,19.71,MH,1681787517
48,guixi,28.2886,117.2133,23.38,79,100,4.36,CN,1681787518
49,ribeira grande,38.5167,-28.7,12.1,76,91,1.99,PT,1681787518
50,iqaluit,63.7506,-68.5145,-21.65,93,29,9.98,CA,1681787518
51,west island,-12.1568,96.8225,27.99,65,51,17.27,CC,1681787519
52,petropavlovsk-kamchatsky,53.0452,158.6483,2.33,93,75,2.24,RU,1681787519
53,ushuaia,-54.8,-68.3,0.44,97,88,3.76,AR,1681787519
54,enewetak,11.3474,162.3373,26.61,72,97,21.32,MH,1681787519
55,masterton,-40.9597,175.6575,19.38,62,98,4.9,NZ,1681787519
56,vorgashor,67.5833,63.95,-19.65,99,80,2.59,RU,1681787519
57,labe,11.3182,-12.2833,20.26,60,57,4.27,GN,1681787519
58,edinburgh of the seven seas,-37.0676,-12.3116,15.36,59,22,8.66,SH,1681787520
59,ulladulla,-35.35,150.4667,21.14,55,0,11.07,AU,1681787520
60,susuman,62.7833,148.1667,-6.03,70,99,2.89,RU,1681787520
61,manhumirim,-20.3578,-41.9581,19.1,92,25,1.23,BR,1681787520
62,lata,40.1629,-8.3327,12.73,48,42,4.18,PT,1681787520
63,dudinka,69.4058,86.1778,-16.88,79,0,15.37,RU,1681787520
64,lae,-6.7221,146.9847,29.58,68,96,8.59,PG,1681787521
65,zeya,53.75,127.2667,4.65,82,100,1.12,RU,1681787521
66,thompson,55.7435,-97.8558,-8.2,95,14,6.31,CA,1681787485
67,vilyuysk,63.7553,121.6247,-4.79,87,100,7.72,RU,1681787522
68,kitimat,54.0524,-128.6534,5.59,76,88,2.51,CA,1681787383
69,surat thani,9.1667,99.25,31.93,55,95,2.28,TH,1681787522
70,salekhard,66.53,66.6019,-12.46,78,9,3.27,RU,1681787522
71,duba,27.3513,35.6901,23.82,49,0,2.42,SA,1681787523
72,port lincoln,-34.7333,135.8667,20.68,60,1,17.07,AU,1681787523
73,haiku-pauwela,20.9219,-156.3051,27.01,56,20,14.97,US,1681787523
74,afaahiti,-17.75,-149.2833,27.93,78,98,11.56,PF,1681787523
75,castillos,-34.1667,-53.8333,10.56,79,6,2.33,UY,1681787523
76,uturoa,-16.7333,-151.4333,27.82,75,82,12.77,PF,1681787524
77,tazovsky,67.4667,78.7,-12.37,84,18,12.62,RU,1681787524
78,trinidad,-14.8333,-64.9,24.2,91,90,5.68,BO,1681787524
79,remire-montjoly,4.9167,-52.2667,24.02,100,75,4.61,GF,1681787525
80,zhangatas,43.5667,69.75,2.6,58,2,13.38,KZ,1681787525
81,blackmans bay,-43.0167,147.3167,21.07,63,40,7.54,AU,1681787525
82,boguchany,58.3814,97.4531,-1.45,88,100,10.2,RU,1681787526
83,morehead city,34.7229,-76.726,18.9,80,0,10.36,US,1681787526
84,mogocha,53.7333,119.7667,-1.37,47,3,5.7,RU,1681787527
85,kayangel,8.0823,134.7173,28.8,74,71,10.56,PW,1681787527
86,georgetown,5.4112,100.3354,29.97,74,20,0.0,MY,1681787375
87,naryn,41.4287,75.9911,4.37,84,100,3.31,KG,1681787527
88,livny,52.4253,37.6069,5.64,70,47,3.87,RU,1681787527
89,isafjordur,66.0755,-23.124,5.62,87,34,8.79,IS,1681787527
90,freetown,8.484,-13.2299,26.15,87,83,2.42,SL,1681787528
91,aasiaat,68.7098,-52.8699,-10.17,95,96,4.5,GL,1681787528
92,destin,30.3935,-86.4958,19.43,52,0,3.44,US,1681787528
93,novyy urengoy,66.0833,76.6333,-14.08,92,87,10.94,RU,1681787528
94,sitka,57.0531,-135.33,6.94,65,0,12.66,US,1681787528
95,ust-nera,64.5667,143.2,-3.35,77,100,2.71,RU,1681787528
96,puerto ayora,-0.7393,-90.3518,26.97,94,95,5.01,EC,1681787237
97,itamaraca,-7.7478,-34.8256,27.03,86,87,4.74,BR,1681787529
98,yellowknife,62.456,-114.3525,1.19,84,88,15.17,CA,1681787529
99,ebon,4.582,168.6964,26.3,80,100,5.08,MH,1681787529
100,alice springs,-23.7,133.8833,19.75,42,0,11.5,AU,1681787529
101,arish,31.1316,33.7984,20.82,58,22,4.59,EG,1681787529
102,don luan,11.5333,106.9167,31.86,55,17,5.61,VN,1681787530
103,avarua,-21.2078,-159.775,26.03,61,20,16.11,CK,1681787483
104,christchurch,-43.5333,172.6333,22.4,56,92,8.05,NZ,1681787531
105,hammerfest,70.6634,23.6821,4.25,93,75,6.91,NO,1681787531
106,pulawy,51.4166,21.9694,8.73,92,100,8.86,PL,1681787531
107,hawaiian paradise park,19.5933,-154.9731,25.02,77,20,5.75,US,1681787532
108,san juan de miraflores,-12.1629,-76.9635,23.98,83,100,8.48,PE,1681787532
109,tsumeb,-19.2333,17.7167,18.28,57,30,8.97,NA,1681787532
110,katsuura,35.1333,140.3,18.49,62,33,12.66,JP,1681787473
111,salym,60.0625,71.4789,-11.07,80,100,5.53,RU,1681787532
112,harper,4.375,-7.7169,26.29,85,4,2.08,LR,1681787532
113,kolonia town,6.964,158.206,31.06,79,100,10.36,FM,1681787532
114,kidal,18.4411,1.4078,25.57,8,71,6.93,ML,1681787533
115,whitehorse,60.7161,-135.0538,0.61,100,100,5.75,CA,1681787531
116,adrar,20.5022,-10.0711,26.89,26,55,5.28,MR,1681787533
117,fabens,31.5023,-106.1586,27.62,11,100,12.68,US,1681787469
118,kaindy,42.8247,73.6759,2.58,79,100,2.48,KG,1681787533
119,pierre,44.3683,-100.351,8.81,45,0,18.01,US,1681787406
120,santa marta de ortigueira,43.6833,-7.85,11.66,83,3,22.32,ES,1681787534
121,parkes,-33.1333,148.1833,25.75,36,0,4.61,AU,1681787534
122,constitucion,-35.3333,-72.4167,10.06,82,70,11.56,CL,1681787534
123,ponca city,36.707,-97.0856,21.98,35,0,12.66,US,1681787428
124,mili,6.0815,171.735,26.66,82,100,14.7,MH,1681787535
125,palmer,42.1584,-72.3287,12.75,84,75,6.91,US,1681787535
126,caleta olivia,-46.4393,-67.5281,10.32,51,82,19.35,AR,1681787535
127,sur,22.5667,59.5289,27.56,60,43,2.39,OM,1681787536
128,onega,63.9061,38.1404,-2.63,90,55,2.98,RU,1681787536
129,tolanaro,-25.0319,46.9987,21.58,87,49,8.46,MG,1681787536
130,touros,-5.1989,-35.4608,25.18,89,86,7.2,BR,1681787536
131,phan rang-thap cham,11.5667,108.9833,31.88,50,42,7.43,VN,1681787536
132,warrnambool,-38.3833,142.4833,22.41,56,1,15.52,AU,1681787364
133,hamilton,39.1834,-84.5333,7.35,81,0,6.91,US,1681787468
134,manturovo,58.3353,44.7619,4.02,88,66,6.53,RU,1681787467
135,bredasdorp,-34.5322,20.0403,13.14,83,0,2.3,ZA,1681787532
136,itaituba,-4.2761,-55.9836,23.08,99,100,1.05,BR,1681787431
137,midvagur,62.0511,-7.1939,11.46,87,75,11.5,FO,1681787537
138,umm kaddadah,13.6017,26.6876,25.72,10,89,15.23,SD,1681787533
139,stanley,54.868,-1.6985,5.85,94,100,3.44,GB,1681787537
140,bukama,-9.2,25.85,19.19,96,98,1.97,CD,1681787537
141,margate,51.3813,1.3862,7.72,86,29,5.99,GB,1681787538
142,hilo,19.7297,-155.09,25.14,77,20,5.75,US,1681787538
143,crucecita,-28.95,-58.9833,14.79,74,0,5.93,AR,1681787539
144,port mathurin,-19.6833,63.4167,26.21,74,11,18.1,MU,1681787539
145,east london,-33.0153,27.9116,20.49,51,0,11.99,ZA,1681787539
146,chipinge,-20.1883,32.6236,12.19,95,0,2.51,ZW,1681787539
147,torghay,49.6339,63.4981,-0.01,81,9,10.71,KZ,1681787540
148,kapuskasing,49.4169,-82.4331,-3.97,96,100,5.84,CA,1681787540
149,detva,48.5608,19.4195,8.45,86,96,3.22,SK,1681787540
150,tazacorte,28.629,-17.9293,17.54,83,0,8.01,ES,1681787541
151,sestri levante,44.2732,9.3968,14.34,70,99,3.0,IT,1681787541
152,choibalsan,48.0667,114.5,7.74,16,96,14.03,MN,1681787541
153,sisimiut,66.9395,-53.6735,-9.01,87,47,10.63,GL,1681787542
154,malanje,-9.5402,16.341,15.97,98,60,3.87,AO,1681787542
155,oral,51.2333,51.3667,-0.01,86,0,6.71,KZ,1681787542
156,colonia,50.9333,6.95,8.25,73,0,8.05,DE,1681787542
157,fortaleza,-3.7227,-38.5247,27.07,89,0,2.3,BR,1681787506
158,barakani,-12.1356,44.4317,27.12,78,73,7.07,KM,1681787543
159,goroka,-6.0834,145.3873,25.12,58,99,2.57,PG,1681787543
160,kattivakkam,13.2167,80.3167,29.05,89,0,9.84,IN,1681787544
161,amos,48.5669,-78.1162,2.97,93,36,3.91,CA,1681787544
162,happy valley-goose bay,53.3168,-60.3315,-2.38,92,97,1.03,CA,1681787544
163,shenjiamen,29.9576,122.298,17.9,94,94,23.6,CN,1681787544
164,kingston,17.997,-76.7936,24.02,98,4,2.86,JM,1681787544
165,daru,-9.0763,143.2092,28.98,71,95,2.59,PG,1681787545
166,hakui,36.8833,136.7833,11.8,86,100,4.38,JP,1681787545
167,berezovyy,51.6667,135.7,12.36,38,88,3.78,RU,1681787545
168,amahai,-3.3333,128.9167,30.81,64,74,5.99,ID,1681787545
169,la serena,-29.9078,-71.2542,12.73,87,0,3.44,CL,1681787545
170,port elizabeth,-33.918,25.5701,17.95,97,0,1.99,ZA,1681787546
171,sao joao da barra,-21.6403,-41.0511,23.87,91,19,9.19,BR,1681787546
172,taltal,-25.4,-70.4833,17.1,80,2,2.37,CL,1681787546
173,acajutla,13.5928,-89.8275,27.66,74,9,5.28,SV,1681787547
174,dawei,14.0833,98.2,32.44,55,80,5.59,MM,1681787547
175,yongchuan,29.3514,105.8947,25.3,70,100,6.31,CN,1681787547
176,kittila,67.6647,24.8936,1.08,86,0,4.61,FI,1681787547
177,strezhevoy,60.7333,77.5889,-15.44,81,33,10.74,RU,1681787547
178,nagqu,31.5,92.0,4.64,39,14,6.29,CN,1681787548
179,villa la venta,18.1,-94.05,23.72,81,1,6.55,MX,1681787548
180,atafu village,-8.5421,-172.5159,28.7,72,60,7.23,TK,1681787548
181,acarau,-2.8856,-40.12,25.22,89,100,7.81,BR,1681787549
182,san rafael,-34.6177,-68.3301,8.81,45,1,2.71,AR,1681787549
183,nchelenge,-9.3451,28.734,18.3,92,98,6.51,ZM,1681787549
184,namibe,-15.1961,12.1522,24.69,76,12,3.8,AO,1681787549
185,dakhla,23.6848,-15.958,18.36,77,1,5.23,EH,1681787549
186,ballina,-28.8667,153.5667,22.66,53,66,15.46,AU,1681787549
187,talnakh,69.4865,88.3972,-17.11,78,3,1.03,RU,1681787550
188,benito juarez,19.385,-99.165,17.78,57,54,5.99,MX,1681787550
189,portage la prairie,49.9728,-98.2926,2.72,71,71,1.99,CA,1681787550
190,forster,-32.1667,152.5167,21.75,62,57,4.0,AU,1681787550
191,mabai,23.0128,104.4508,27.55,34,1,7.45,CN,1681787550
192,matadi,-5.8167,13.45,24.27,98,100,1.97,CD,1681787550
193,usakos,-22.0,15.6,22.89,50,90,9.44,NA,1681787551
194,mezhdurechensk,53.6942,88.0603,-8.23,64,75,11.1,RU,1681787552
195,flying fish cove,-10.4217,105.6791,27.05,79,97,16.55,CX,1681787552
196,zelenoborskiy,66.845,32.3622,-2.68,93,42,6.31,RU,1681787552
197,rabigh,22.7986,39.0349,26.33,43,2,4.09,SA,1681787553
198,sept-iles,50.2001,-66.3821,2.81,78,100,10.0,CA,1681787553
199,namsos,64.4662,11.4957,4.03,86,94,9.22,NO,1681787553
200,tyuratam,45.6507,63.3156,4.84,41,0,7.56,KZ,1681787553
201,lefkada,38.8275,20.7019,11.95,94,75,0.0,GR,1681787554
202,luoyang,34.6836,112.4536,26.92,26,89,15.26,CN,1681787554
203,borogontsy,62.6683,131.1683,-2.63,93,100,6.31,RU,1681787554
204,lititz,40.1573,-76.3069,12.02,54,100,20.71,US,1681787554
205,chonchi,-42.6128,-73.8092,8.95,96,100,4.41,CL,1681787554
206,severo-yeniseyskiy,60.3725,93.0408,-5.38,93,100,10.71,RU,1681787555
207,chodavaram,17.8333,82.95,35.12,25,0,5.19,IN,1681787555
208,gadzhiyevo,69.2551,33.3362,1.48,99,100,13.67,RU,1681787555
209,badger,64.8,-147.5333,-0.05,62,100,5.75,US,1681787555
210,la'ie,21.6477,-157.9253,26.98,74,100,10.0,US,1681787555
211,aykhal,66.0,111.5,-4.89,92,100,9.53,RU,1681787555
212,traverse city,44.7631,-85.6206,0.11,94,100,11.5,US,1681787387
213,iskateley,67.6803,53.1512,-12.43,83,37,6.04,RU,1681787556
214,yanchep,-31.55,115.6833,22.85,50,0,10.76,AU,1681787556
215,kenai,60.5544,-151.2583,4.05,63,40,8.05,US,1681787556
216,vilyuchinsk,52.9306,158.4028,3.15,100,100,0.58,RU,1681787557
217,saipan,15.1355,145.701,31.39,100,40,20.71,MP,1681787557
218,shatrovo,56.5167,64.6333,0.98,94,100,7.31,RU,1681787557
219,fale old settlement,-9.3852,-171.2468,27.81,76,100,6.8,TK,1681787557
220,palmas,-10.2128,-48.3603,25.93,94,20,2.3,BR,1681787558
221,mata-utu,-13.2816,-176.1745,28.12,73,100,11.61,WF,1681787558
222,nema,57.5067,50.5011,5.91,65,100,3.67,RU,1681787559
223,sola,-13.8833,167.55,27.37,75,57,7.99,VU,1681787559
224,arkhangel'sk,64.5401,40.5433,-4.94,67,0,2.24,RU,1681787287
225,port alfred,-33.5906,26.891,18.88,76,0,9.55,ZA,1681787526
226,oppdal,62.5943,9.6912,3.15,51,100,3.33,NO,1681787559
227,lawas,13.764,121.0566,30.55,65,51,12.73,PH,1681787560
228,fukuecho,32.6881,128.8419,20.2,88,75,14.97,JP,1681787560
229,gizo,-8.103,156.8419,28.54,63,86,5.08,SB,1681787560
230,minas de marcona,-15.2119,-75.1103,16.54,85,100,9.95,PE,1681787560
231,juba,4.8517,31.5825,21.67,84,100,4.38,SS,1681787560
232,punta arenas,-53.15,-70.9167,7.06,76,0,34.52,CL,1681787338
233,pisco,-13.7,-76.2167,23.03,78,100,13.8,PE,1681787561
234,san pedro pochutla,15.7333,-96.4667,25.95,71,28,4.34,MX,1681787561
235,rabo de peixe,37.8,-25.5833,11.73,76,20,9.22,PT,1681787561
236,anaconda,46.1285,-112.9423,2.55,98,91,3.29,US,1681787561
237,bayganin,48.6947,55.8742,5.16,70,10,3.89,KZ,1681787561
238,bolgatanga,10.7856,-0.8514,31.36,47,99,7.76,GH,1681787562
239,nova sintra,14.8667,-24.7167,20.1,82,98,23.51,CV,1681787562
240,dunaivtsi,48.8891,26.8564,6.31,78,100,7.78,UA,1681787562
241,cam ranh,11.9214,109.1591,30.98,62,0,9.22,VN,1681787562
242,inarajan village,13.2736,144.7484,31.11,82,60,19.3,GU,1681787562
243,posse,-14.0931,-46.3694,22.52,67,38,2.37,BR,1681787563
244,siwa oasis,29.2041,25.5195,24.47,17,24,7.2,EG,1681787563
245,galesong,-5.3166,119.3661,31.01,71,90,1.34,ID,1681787563
246,queenstown,-31.8976,26.8753,13.56,42,0,6.55,ZA,1681787563
247,lebu,-37.6167,-73.65,9.23,76,65,8.72,CL,1681787562
248,sandnessjoen,66.0217,12.6316,5.92,83,94,1.99,NO,1681787563
249,as saffaniyah,27.9708,48.73,22.94,40,2,7.0,SA,1681787564
250,flin flon,54.7682,-101.865,-0.79,89,100,10.6,CA,1681787564
251,rong kwang,18.339,100.3174,36.39,27,0,6.26,TH,1681787564
252,ishinomaki,38.4167,141.3,13.16,51,69,6.89,JP,1681787564
253,papao,-17.75,-149.55,28.82,78,97,13.82,PF,1681787564
254,mahanje,-9.9333,35.3333,17.36,98,88,1.21,TZ,1681787565
255,guateque,5.0062,-73.4727,16.73,96,100,1.81,CO,1681787565
256,clearwater,27.9659,-82.8001,22.17,60,0,20.0,US,1681787424
257,felipe carrillo puerto,19.5833,-88.05,20.84,98,23,2.51,MX,1681787565
258,port augusta,-32.5,137.7667,23.03,35,2,3.91,AU,1681787565
259,takab,36.4009,47.1133,8.37,68,3,3.53,IR,1681787565
260,wagar,16.1525,36.2032,24.92,58,8,10.04,SD,1681787565
261,thenzawl,23.3167,92.75,31.93,31,1,2.51,IN,1681787565
262,north bend,43.4065,-124.2243,8.25,79,40,9.22,US,1681787441
263,prince george,53.9166,-122.753,4.05,64,90,0.96,CA,1681787566
264,nadi,-17.8,177.4167,26.0,89,75,5.75,FJ,1681787518
265,ola,59.5833,151.2833,0.73,79,100,8.34,RU,1681787566
266,xilitla,21.3333,-98.9667,20.07,96,97,0.69,MX,1681787566
267,lospalos,-8.5186,127.0025,25.96,81,88,7.78,TL,1681787566
268,suriapet,17.15,79.6167,32.06,32,33,7.25,IN,1681787566
269,riviere-du-loup,47.8304,-69.5342,7.62,94,100,9.78,CA,1681787567
270,rio de janeiro,-22.9028,-43.2075,27.19,78,0,5.75,BR,1681787416
271,chukhloma,58.7525,42.6825,2.78,91,40,3.15,RU,1681787567
272,ilulissat,69.2167,-51.1,-2.99,80,75,9.22,GL,1681787567
273,port saint john's,-31.6229,29.5448,21.58,38,0,8.77,ZA,1681787567
274,montepuez,-13.1256,38.9997,18.42,96,91,8.28,MZ,1681787567
275,toliara,-23.35,43.6667,22.04,78,0,8.77,MG,1681787567
276,quelimane,-17.8786,36.8883,20.35,84,83,2.82,MZ,1681787567
277,aral,40.5156,81.2636,20.46,25,100,11.07,CN,1681787567
278,island harbour,50.724,-1.2758,7.18,93,22,1.01,GB,1681787568
279,igrim,63.1906,64.4162,-8.67,78,37,8.05,RU,1681787568
280,antofagasta,-23.65,-70.4,17.6,82,43,4.99,CL,1681787535
281,harnai,30.1005,67.9374,22.76,40,34,2.53,PK,1681787568
282,binzhou,37.3667,118.0167,23.13,37,43,12.15,CN,1681787568
283,lompoc,34.6391,-120.4579,11.44,86,0,11.5,US,1681787568
284,longyearbyen,78.2186,15.6401,-6.09,79,75,6.91,SJ,1681787568
285,geraldton,-28.7667,114.6,24.23,46,0,12.66,AU,1681787533
286,olonkinbyen,70.9221,-8.7187,1.49,94,100,22.55,SJ,1681787568
287,amarillo,35.222,-101.8313,19.88,30,0,19.57,US,1681787568
288,bel ombre,-4.6167,55.4167,28.47,71,35,2.51,SC,1681787569
289,hinton,53.4001,-117.5857,-2.13,80,34,3.36,CA,1681787569
290,praia da vitoria,38.7333,-27.0667,13.27,68,54,7.27,PT,1681787569
291,sarandi,-23.4436,-51.8739,19.72,97,60,3.67,BR,1681787569
292,ha tinh,18.3333,105.9,34.89,48,0,2.28,VN,1681787569
293,nemuro,43.3236,145.575,4.26,70,24,2.51,JP,1681787569
294,tsiroanomandidy,-18.7667,46.0333,16.76,95,99,2.62,MG,1681787570
295,yazd,31.8972,54.3675,13.06,33,20,4.61,IR,1681787570
296,beau vallon,-20.4189,57.6953,24.56,81,30,9.22,MU,1681787570
297,preobrazheniye,42.9019,133.9064,7.46,72,100,6.08,RU,1681787570
298,sturgis,41.7992,-85.4192,1.89,86,100,9.22,US,1681787570
299,ketchikan,55.3422,-131.6461,8.26,57,0,8.05,US,1681787570
300,mermoz boabab,14.7065,-17.4758,21.31,89,8,20.98,SN,1681787570
301,ciudad lazaro cardenas,17.9583,-102.2,24.89,82,14,0.81,MX,1681787570
302,al kharijah,25.4514,30.5464,22.67,13,0,3.33,EG,1681787570
303,basco,20.4487,121.9702,26.32,86,16,13.13,PH,1681787571
304,balabac,7.9868,117.0645,30.19,67,71,11.74,PH,1681787571
305,st. john's,47.5649,-52.7093,-2.69,87,15,1.01,CA,1681787571
306,ostersund,63.1792,14.6357,1.25,80,40,5.75,SE,1681787571
307,bandarbeyla,9.4942,50.8122,27.01,73,8,6.35,SO,1681787571
308,pailon,-17.65,-62.75,18.95,93,100,4.9,BO,1681787571
309,rawlins,41.7911,-107.2387,8.53,45,0,8.72,US,1681787547
310,ishqoshim,36.7248,71.6133,5.89,95,100,5.48,TJ,1681787571
311,tromso,69.6496,18.957,4.01,87,100,8.05,NO,1681787560
312,puerto aysen,-45.4,-72.7,6.34,99,100,4.54,CL,1681787572
313,nieuw amsterdam,5.8833,-55.0833,25.57,93,96,8.86,SR,1681787572
314,makedonski brod,41.5136,21.2153,8.49,90,93,1.66,MK,1681787462
315,bereket,39.2446,55.5154,9.82,28,9,19.98,TM,1681787572
316,ed damer,17.5928,33.9592,24.57,16,37,9.19,SD,1681787572
317,vila velha,-20.3297,-40.2925,22.97,95,0,3.44,BR,1681787559
318,dalandzadgad,43.5708,104.425,18.27,18,48,17.74,MN,1681787572
319,santa helena,-2.2311,-45.3,23.54,98,100,2.15,BR,1681787572
320,lhasa,29.65,91.1,10.75,49,46,2.86,CN,1681787573
321,alaghsas,17.0187,8.0168,26.24,13,20,4.14,NE,1681787573
322,kalabo,-14.97,22.6814,18.69,82,93,4.61,ZM,1681787573
323,kralendijk,12.15,-68.2667,25.99,78,40,10.36,BQ,1681787573
324,qaqortoq,60.7167,-46.0333,-0.82,88,50,4.85,GL,1681787573
325,tofol,5.3248,163.0078,30.88,62,75,4.61,FM,1681787573
326,khadzhalmakhi,42.42,47.1821,8.63,69,10,3.13,RU,1681787573
327,nar'yan-mar,67.6713,53.087,-12.26,83,38,6.02,RU,1681787573
328,reggane,26.7158,0.1714,24.71,15,3,13.44,DZ,1681787574
329,khandyga,62.6667,135.6,0.61,88,79,3.11,RU,1681787574
330,kayes,14.0,-11.0,32.41,15,5,6.96,ML,1681787574
331,yuzhno-kurilsk,44.0306,145.8556,3.88,75,71,13.33,RU,1681787574
332,seversk,56.6006,84.8864,-10.51,76,88,11.54,RU,1681787574
333,luau,-10.7073,22.2247,16.97,98,84,3.51,AO,1681787574
334,schlusser,40.2417,-77.1769,11.1,50,38,5.01,US,1681787574
335,malvan,16.0667,73.4667,28.78,70,1,1.61,IN,1681787574
336,inari,68.906,27.0288,2.11,93,66,5.12,FI,1681787574
337,kone,-21.0595,164.8658,25.42,88,97,8.68,NC,1681787575
338,brokopondo,4.75,-55.1667,24.03,93,100,7.96,SR,1681787575
339,san patricio,28.017,-97.5169,22.13,68,71,13.49,US,1681787549
340,mount isa,-20.7333,139.5,29.87,45,12,9.22,AU,1681787575
341,kirensk,57.7853,108.1119,-0.88,59,100,7.4,RU,1681787575
342,pishva,35.308,51.7267,14.59,39,65,9.24,IR,1681787575
343,dhidhdhoo,6.8833,73.1,28.44,71,9,4.52,MV,1681787575
344,north battleford,52.7834,-108.2847,6.89,32,68,11.7,CA,1681787575
345,coquimbo,-29.9533,-71.3436,12.85,87,0,3.44,CL,1681787535
346,prado,-17.3411,-39.2208,24.33,85,2,5.7,BR,1681787576
347,ebaye,8.7748,167.7392,29.01,74,40,6.91,MH,1681787576
348,chul'man,56.8479,124.9104,-6.27,68,100,9.08,RU,1681787576
349,tura,25.5198,90.2201,31.74,49,0,8.84,IN,1681787576
350,sucre,-19.0333,-65.2627,13.85,81,56,6.64,BO,1681787576
351,shohimardon,39.9839,71.8028,4.43,99,100,3.96,UZ,1681787576
352,pratt,37.6439,-98.7376,22.12,28,0,11.5,US,1681787576
353,floro,61.5996,5.0328,5.54,93,93,5.75,NO,1681787576
354,sao raimundo nonato,-9.0153,-42.6994,23.79,55,100,3.56,BR,1681787577
355,palikir - national government center,6.9248,158.1611,30.47,79,100,10.36,FM,1681787577
356,alofi,-19.0595,-169.9187,23.94,94,100,6.91,NU,1681787577
357,chibougamau,49.9168,-74.3659,3.79,100,100,4.61,CA,1681787577
358,aras-asan,8.8908,126.3033,29.13,68,79,4.81,PH,1681787577
359,bloomfield,40.8068,-74.1854,15.92,46,100,18.41,US,1681787577
360,tymovskoye,50.8456,142.655,4.42,57,14,6.02,RU,1681787577
361,nabire,-3.3667,135.4833,29.83,62,94,4.14,ID,1681787577
362,damaturu,11.747,11.9608,28.84,24,90,3.33,NG,1681787578
363,mount gambier,-37.8333,140.7667,20.94,51,5,14.25,AU,1681787578
364,tarija,-21.5355,-64.7296,12.74,87,100,3.65,BO,1681787578
365,lakeview,42.432,-75.8655,7.23,71,91,6.24,US,1681787578
366,ferrandina,40.5012,16.4547,7.81,91,100,4.23,IT,1681787578
367,bodaybo,57.8506,114.1933,-2.43,63,42,2.57,RU,1681787578
368,novodvinsk,64.4165,40.8122,-4.58,96,92,0.76,RU,1681787578
369,general acha,-37.377,-64.6043,8.62,67,12,10.4,AR,1681787578
370,muromtsevo,56.3724,75.2418,-8.84,62,100,10.74,RU,1681787578
371,guane,22.2025,-84.0875,21.79,73,25,6.85,CU,1681787579
372,cidreira,-30.1811,-50.2056,19.29,71,87,6.35,BR,1681787556
373,tamanrasset,22.785,5.5228,16.95,12,0,4.61,DZ,1681787579
374,holualoa,19.6228,-155.9522,25.31,81,40,17.27,US,1681787579
375,grand falls-windsor,48.9332,-55.6649,-0.28,81,91,4.45,CA,1681787579
376,udachny,66.4167,112.4,-4.75,79,100,12.91,RU,1681787579
377,howard springs,-12.497,131.047,29.34,59,49,7.85,AU,1681787579
378,trinity beach,-16.7888,145.6968,28.34,90,75,8.05,AU,1681787579
379,lubango,-14.9172,13.4925,15.15,75,83,3.83,AO,1681787580
380,jurm,36.8648,70.8342,7.24,99,100,4.7,AF,1681787580
381,pedro munoz,39.4041,-2.9223,8.02,66,5,12.41,ES,1681787580
382,skiathos,39.1623,23.4909,11.65,85,99,17.47,GR,1681787580
383,mirnyy,62.5353,113.9611,-3.2,33,31,11.01,RU,1681787580
384,arvayheer,46.2639,102.775,14.01,15,68,20.6,MN,1681787580
385,aligudarz,33.4006,49.6949,9.53,48,19,4.76,IR,1681787580
386,klotze,52.6167,11.1667,8.45,91,100,9.42,DE,1681787580
387,tibati,6.4667,12.6333,20.26,88,97,2.64,CM,1681787580
388,eirunepe,-6.6603,-69.8736,22.08,94,100,1.48,BR,1681787581
389,orneta,54.1148,20.1333,7.2,95,99,7.85,PL,1681787581
390,nadvoitsy,63.8667,34.3167,-3.56,98,98,6.73,RU,1681787581
391,porto novo,6.4965,2.6036,26.86,85,99,4.85,BJ,1681787581
392,zeribet el oued,34.6828,6.5111,16.16,40,0,5.61,DZ,1681787582
393,qamdo,31.1667,97.2333,6.54,35,7,2.86,CN,1681787582
394,cumaral,4.2708,-73.4867,23.65,82,96,3.0,CO,1681787582
395,konakovo,56.7,36.7667,6.94,79,100,1.9,RU,1681787582
396,burela de cabo,43.65,-7.4,9.81,90,20,16.87,ES,1681787567
397,malango,-2.9627,119.9001,28.25,60,92,2.98,ID,1681787583
398,mont-dore,-22.2833,166.5833,26.67,99,100,14.61,NC,1681787583
399,khovd,48.0056,91.6419,7.57,21,12,29.12,MN,1681787583
400,vadso,70.0744,29.7487,2.49,87,75,14.97,NO,1681787583
401,borgo,46.0514,11.4544,10.66,73,85,3.91,IT,1681787583
402,rosalie,15.3667,-61.2667,23.98,75,30,12.46,DM,1681787584
403,mcdonough,40.4667,-90.6668,9.25,65,0,9.22,US,1681787515
404,puerto baquerizo moreno,-0.9,-89.6,26.77,77,70,5.86,EC,1681787584
405,san carlos de bariloche,-41.1456,-71.3082,1.44,87,100,15.59,AR,1681787584
406,sao bento,-6.2833,-37.75,22.05,91,100,2.26,BR,1681787584
407,inhambane,-23.865,35.3833,17.99,94,20,0.0,MZ,1681787585
408,katpur,21.05,71.7833,30.95,42,20,11.7,IN,1681787585
409,klyuchi,52.2667,79.1667,-5.28,65,14,19.6,RU,1681787585
410,bacobampo,26.9833,-109.65,24.01,32,31,7.38,MX,1681787585
411,polyarnyy,69.1989,33.4478,1.7,99,100,13.4,RU,1681787586
412,oranjemund,-28.55,16.4333,16.65,61,1,0.94,NA,1681787586
413,minab,27.1467,57.0801,23.66,68,78,2.71,IR,1681787586
414,sayyan,15.1718,44.3244,15.37,52,73,0.54,YE,1681787586
415,clovis,36.8252,-119.7029,16.0,52,100,1.99,US,1681787513
416,chibuto,-24.6867,33.5306,16.42,93,0,4.63,MZ,1681787587
417,broome,42.2506,-75.833,7.94,70,74,5.01,US,1681787587
418,broken hill,-31.95,141.4333,20.41,31,29,5.01,AU,1681787587
419,angaur state,6.906,134.13,28.65,75,58,7.43,PW,1681787587
420,tomatlan,19.9333,-105.25,20.44,81,0,2.04,MX,1681787587
421,villarrica,-25.75,-56.4333,19.51,97,95,1.59,PY,1681787588
422,acapulco de juarez,16.8634,-99.8901,26.62,80,12,4.09,MX,1681787475
423,axim,4.8699,-2.2405,26.43,86,86,2.73,GH,1681787588
424,saint-denis,48.9167,2.3333,8.88,88,20,11.5,FR,1681787588
425,mount pearl,47.5166,-52.7813,-3.15,87,15,5.23,CA,1681787588
426,rongelap,11.1635,166.8941,26.71,72,46,19.8,MH,1681787589
427,luga,58.7372,29.8453,1.32,81,91,4.27,RU,1681787589
428,saint-joseph,-21.3667,55.6167,24.21,81,58,6.67,RE,1681787533
429,taroa,8.7058,171.2275,26.47,82,100,15.79,MH,1681787589
430,tyukhtet,56.5389,89.3011,-10.7,65,100,16.35,RU,1681787590
431,leava,-14.3,-178.1667,27.64,78,99,12.77,WF,1681787590
432,corbin,36.9487,-84.0969,11.25,34,0,4.61,US,1681787545
433,kerikeri,-35.2268,173.9474,21.06,92,87,3.0,NZ,1681787590
434,conception bay south,47.4999,-52.9981,-2.82,87,13,6.55,CA,1681787425
435,luderitz,-26.6481,15.1594,20.53,48,5,4.63,NA,1681787591
436,filadelfia,39.9523,-75.1638,14.52,43,100,27.63,US,1681787563
437,rustaq,23.3908,57.4244,25.69,48,45,1.63,OM,1681787591
438,harstad,68.799,16.5293,4.79,93,86,7.0,NO,1681787591
439,lipnik nad becvou,49.5272,17.5859,9.75,84,100,19.6,CZ,1681787591
440,guozhen,34.3659,107.359,26.26,35,100,2.8,CN,1681787592
441,carutapera,-1.195,-46.02,24.66,94,100,3.4,BR,1681787592
442,fort bragg,35.139,-79.006,16.91,52,0,8.05,US,1681787592
443,liwale,-9.7667,37.9333,19.67,98,99,7.16,TZ,1681787592
444,usinsk,65.9939,57.5281,-12.68,88,6,8.41,RU,1681787592
445,amga,60.8953,131.9608,-2.86,81,100,7.87,RU,1681787592
446,laguna,38.421,-121.4238,13.99,66,0,19.57,US,1681787578
447,huanren,41.2647,125.3667,17.82,34,24,7.61,CN,1681787593
448,bosaso,11.2842,49.1816,27.44,64,5,9.51,SO,1681787593
449,argo,37.6333,22.7333,12.66,80,1,4.23,GR,1681787593
450,newport,51.5877,-2.9984,8.58,87,25,10.74,GB,1681787593
451,oriximina,-1.7656,-55.8661,24.05,95,100,2.44,BR,1681787594
452,dongargarh,21.2,80.7333,34.97,15,45,5.79,IN,1681787594
453,enriquillo,17.9,-71.2333,24.04,84,13,3.51,DO,1681787594
454,wangqing,43.3218,129.7634,7.37,87,100,8.7,CN,1681787595
455,baglung,28.2719,83.5898,29.38,18,0,2.51,NP,1681787595
456,tagta,41.6504,59.9164,6.97,33,0,6.91,TM,1681787595
457,shakawe,-18.3667,21.85,17.26,65,25,4.32,BW,1681787595
458,camana,-16.6228,-72.7111,21.48,85,100,6.55,PE,1681787595
459,walvis bay,-22.9575,14.5053,21.13,63,58,4.18,NA,1681787596
460,yigo village,13.5361,144.8886,30.18,72,75,17.27,GU,1681787596
461,ibshaway,29.358,30.6814,22.85,19,40,1.05,EG,1681787596
462,sungailiat,-1.85,106.1333,30.0,68,49,7.14,ID,1681787596
463,buka,40.8108,69.1986,6.23,52,100,4.65,UZ,1681787597
464,meadow lakes,61.6247,-149.6011,4.69,41,75,6.91,US,1681787364
465,ilhabela,-23.7781,-45.3581,23.26,94,89,3.4,BR,1681787597
466,longonjo,-12.9067,15.2533,15.71,93,68,3.76,AO,1681787598
467,santana,-0.0583,-51.1817,26.1,94,40,6.91,BR,1681787598
468,riberalta,-10.9833,-66.1,23.5,95,100,3.18,BO,1681787598
469,watsonville,36.9102,-121.7569,12.74,78,0,3.44,US,1681787598
470,istgah-e rah ahan-e garmsar,35.2346,52.3094,15.22,40,93,7.16,IR,1681787598
471,oyama,36.3,139.8,18.1,53,100,5.53,JP,1681787598
472,lorengau,-2.0226,147.2712,28.49,77,16,6.6,PG,1681787599
473,dubbo,-32.25,148.6167,24.07,41,75,8.05,AU,1681787599
474,ribeira brava,32.65,-17.0667,19.35,59,29,4.36,PT,1681787599
475,tambura,5.6,27.4667,20.98,79,100,4.83,SS,1681787599
476,isangel,-19.55,169.2667,28.41,79,61,17.16,VU,1681787535
477,nantucket,41.2835,-70.0995,12.03,99,0,9.22,US,1681787599
478,leninskoye,41.7589,69.3864,5.32,62,96,3.53,KZ,1681787600
479,bang saphan,11.2126,99.5117,33.99,50,42,3.71,TH,1681787357
480,new norfolk,-42.7826,147.0587,21.72,63,83,1.99,AU,1681787600
481,inda silase,14.1031,38.2829,20.3,46,48,4.09,ET,1681787600
482,the bottom,17.6259,-63.2492,24.07,73,3,13.69,BQ,1681787601
483,ancud,-41.8697,-73.8203,10.2,88,100,9.8,CL,1681787601
484,pinheiro machado,-31.5783,-53.3811,11.7,91,8,3.24,BR,1681787601
485,newcastle west,52.4492,-9.0611,8.03,98,3,4.83,IE,1681787601
486,grand island,40.925,-98.342,15.16,32,0,10.36,US,1681787602
487,yerofey pavlovich,53.9667,121.9667,-0.71,42,29,8.32,RU,1681787602
488,cuyo,10.8525,121.0086,28.97,72,28,1.92,PH,1681787602
489,yeed,4.55,43.0333,25.34,76,60,6.76,SO,1681787602
490,ternate,0.8,127.4,29.4,68,54,4.97,ID,1681787602
491,saudarkrokur,65.7461,-19.6394,7.16,74,4,14.07,IS,1681787603
492,tranqueras,-31.2,-55.75,10.58,83,2,1.23,UY,1681787603
493,las vegas,36.175,-115.1372,25.69,11,75,24.16,US,1681787437
494,kribi,2.95,9.9167,25.91,89,100,2.55,CM,1681787603
495,ixtapa,20.7,-105.2,20.67,73,1,1.88,MX,1681787603
496,piacabucu,-10.4056,-36.4344,24.96,84,100,4.16,BR,1681787604
497,poyang,28.9924,116.6675,21.1,94,100,10.0,CN,1681787604
498,kyosai,34.8503,128.5886,18.98,96,100,13.96,KR,1681787604
499,cushing,35.9851,-96.767,20.59,32,0,6.91,US,1681787604
500,richards bay,-28.783,32.0377,17.69,74,0,8.32,ZA,1681787604
501,stornoway,58.2093,-6.3865,9.96,96,96,0.0,GB,1681787604
502,desnogorsk,54.1508,33.2815,5.76,83,88,4.92,RU,1681787604
503,weno,7.4515,151.8468,27.99,79,85,14.97,FM,1681787605
504,kavaratti,10.5669,72.642,28.69,76,4,5.48,IN,1681787605
505,belmonte,-15.8631,-38.8828,25.02,76,16,3.87,BR,1681787605
506,kourou,5.1552,-52.6478,24.03,92,100,9.37,GF,1681787605
507,gorontalo,0.5412,123.0595,32.3,58,86,2.86,ID,1681787605
508,andovoranto,-18.95,49.1,22.63,91,100,9.57,MG,1681787606
509,virginia beach,36.8529,-75.978,16.68,58,20,3.44,US,1681787543
510,paciran,-6.8767,112.3761,29.19,72,86,7.11,ID,1681787606
511,sonoita,31.85,-112.8333,21.39,17,7,7.38,MX,1681787606
512,niquelandia,-14.4739,-48.4597,24.09,77,59,1.43,BR,1681787606
513,keila,59.3036,24.4131,3.01,77,0,1.14,EE,1681787606
514,isfara,40.1265,70.6253,7.86,59,100,9.24,TJ,1681787607
515,kegeyli shahar,42.7767,59.6078,4.05,36,0,10.96,UZ,1681787607
516,kupang,-10.1667,123.5833,31.32,70,40,10.36,ID,1681787607
517,san jose del guaviare,2.5729,-72.6459,22.87,96,71,1.63,CO,1681787607
518,newman,37.3138,-121.0208,13.36,68,95,3.31,US,1681787607
519,strugi-krasnyye,58.2675,29.1114,1.21,76,52,4.65,RU,1681787608
520,hassi messaoud,31.6804,6.0729,18.17,27,1,7.61,DZ,1681787608
521,gunjur,13.2019,-16.7339,24.04,64,0,6.91,GM,1681787608
522,kharp,66.8014,65.8081,-8.01,69,17,4.43,RU,1681787608
523,loukhi,66.0764,33.0381,-2.99,94,45,2.28,RU,1681787609
524,kirakira,-10.4544,161.9205,27.84,75,96,4.38,SB,1681787609
525,port macquarie,-31.4333,152.9167,23.27,51,47,7.99,AU,1681787609
526,egilsstadir,65.2653,-14.3948,6.05,92,100,11.74,IS,1681787610
527,wuhai,39.6647,106.8122,20.83,12,3,20.38,CN,1681787610
528,hasaki,35.7333,140.8333,17.38,70,99,17.16,JP,1681787545
529,champerico,14.3,-91.9167,28.86,62,14,5.19,GT,1681787610
530,mar del plata,-38.0023,-57.5575,12.83,87,80,1.99,AR,1681787611
531,barra de santo antonio,-9.4047,-35.5072,25.6,86,100,4.16,BR,1681787611
532,shiyan,32.6475,110.7781,26.86,54,100,6.64,CN,1681787611
533,leh,34.1667,77.5833,2.34,80,100,5.14,IN,1681787611
534,tongliao,43.6125,122.2653,15.14,16,0,17.65,CN,1681787612
535,santa cruz de yojoa,14.9833,-87.9,20.58,92,7,2.77,HN,1681787612
536,villa gesell,-37.2639,-56.973,11.7,76,72,9.84,AR,1681787612
537,manokwari,-0.8667,134.0833,27.69,78,100,3.49,ID,1681787612
538,codrington,-38.2667,141.9667,21.46,50,0,16.11,AU,1681787612
539,palora,-1.7,-77.9333,19.43,97,100,1.59,EC,1681787612
540,saint-hilaire-de-talmont,46.47,-1.6036,6.46,92,4,12.39,FR,1681787613
541,tierp,60.3427,17.5181,-1.1,97,42,7.49,SE,1681787613
542,kruisfontein,-34.0033,24.7314,13.85,59,0,4.16,ZA,1681787613
543,nicoya,10.1483,-85.452,27.29,71,94,2.98,CR,1681787613
544,akrehamn,59.2667,5.1833,6.9,81,12,6.91,NO,1681787614
545,san andres,12.5847,-81.7006,27.01,74,20,11.5,CO,1681787614
546,aguada de pasajeros,22.385,-80.8508,23.27,77,91,6.44,CU,1681787614
547,bhadasar,28.2833,74.3167,32.04,23,1,16.67,IN,1681787614
548,brady,31.1352,-99.3351,21.31,26,40,10.36,US,1681787614
549,luba,3.4568,8.5547,27.4,81,94,2.44,GQ,1681787614
550,uusikaupunki,60.8004,21.4084,1.78,93,2,10.22,FI,1681787615
551,shalqar,47.8333,59.6,4.13,59,11,7.23,KZ,1681787615
552,moranbah,-22.0016,148.0466,26.66,56,100,15.23,AU,1681787473
553,santa vitoria do palmar,-33.5189,-53.3681,12.37,75,19,3.29,BR,1681787615
554,thinadhoo,0.5333,72.9333,28.36,68,60,2.95,MV,1681787615
555,fonte boa,-2.4959,-66.2662,22.99,95,100,2.17,BR,1681787616
556,kuandian,40.7286,124.7847,16.42,41,2,8.55,CN,1681787616
